title,date,summary,pdf_link,epub_link,mobi_link,downloaded_pdf,downloaded_epub,downloaded_mobi
Hacking the Immune System,11/2/20,"The immune system is a marvel, but sometimes those defenses need help. In this eBook, we examine various ways the immune system is being manipulated to fight disease, starting with the science behind the research into COVID vaccines and treatments. We also examine cutting-edge interventions for infectious diseases beyond COVID such as a universal flu vaccine, immunotherapies for cancer and more.",,https://www.scientificamerican.com/index.cfm/_api/render/file/?method=attachment&amp;fileID=227AC75E-D0F4-418D-9171F812022476CF,https://www.scientificamerican.com/index.cfm/_api/render/file/?method=attachment&amp;fileID=57002953-7D5B-4CA1-B24F3198C84A279A,,Immunotherapy_9781948933247_v2.epub,Immunotherapy_9781948933247_v2.mobi
Technology vs. Truth: Deception in the Digital Age,10/5/20,"In the digital age, information, both true and false, spreads faster than ever. The same technology that provides access to data across the globe can abet the warping of truth and normalization of lies. In this eBook, we examine the intersection of truth, untruth and technology, including how social media manipulates behavior, technologies such as deepfakes that spread misinformation, the bias inherent in algorithms and more.",,https://www.scientificamerican.com/index.cfm/_api/render/file/?method=attachment&amp;fileID=132CB08F-C2DE-4F44-8C221C244516C3DF,https://www.scientificamerican.com/index.cfm/_api/render/file/?method=attachment&amp;fileID=93FB8B3E-EE18-491B-BACD5D077F9617EF,,TechTruth_9781948933223_v2.epub,TechTruth_9781948933223_v2.mobi
"Stressed Out: Causes, Effects and Keeping Calm",8/31/20,"Chronic stress makes people sick. The fight-or-flight response activates our bodies to face immediate threats, but that stress system must turn off to allow organs to recover. Constant anxiety keeps the system active, and in this eBook, we examine the effects of ongoing stress and trauma on both body and mind as well as ways to arm ourselves against adversity by managing stress and building resilience.",,https://www.scientificamerican.com/index.cfm/_api/render/file/?method=attachment&amp;fileID=03F7049B-6A77-4BFD-97A0436E47A02C58,https://www.scientificamerican.com/index.cfm/_api/render/file/?method=attachment&amp;fileID=2628C4CC-4110-4D72-AA24338F634B5F86,,Stress_9781948933223_v2.epub,Stress_9781948933223_v2.mobi
Black Holes: Going to Extremes,8/3/20,"Once dismissed as a mathematical curiosity, black holes are so strange they almost defy belief. Since their existence was confirmed, research into the nature of black holes has opened up new vistas in physics, and in this eBook, we examine some of the most fascinating discoveries about black hole formation and behavior, the new and evolving research in gravitational wave astronomy, theoretical possibilities such as wormholes and much more.",,https://www.scientificamerican.com/index.cfm/_api/render/file/?method=attachment&amp;fileID=EC23671E-4A7C-494A-BE99D918FE455C3D,https://www.scientificamerican.com/index.cfm/_api/render/file/?method=attachment&amp;fileID=3257128B-B5D9-46EE-859042531E687E9B,,BlackHoles_9781948933216_v2.epub,BlackHoles_9781948933216_v2.mobi
Quantum Universe,7/6/20,"Strange and probabilistic, physics at the smallest scales is driving innovation and research into the nature of reality. In this eBook, we examine the latest mind-bending studies in quantum mechanics, including theoretical mysteries such as entanglement, real-world applications, innovations in communications and computing and more.

*Editor's Note: Quantum Universe was originally published as a Collector’s Edition. The eBook adaptation contains all of the articles, but some of the artwork has been removed to optimize viewing on tablet devices.",,https://www.scientificamerican.com/index.cfm/_api/render/file/?method=attachment&amp;fileID=F2E5AE2C-2211-4F12-8E23316619CA0D98,https://www.scientificamerican.com/index.cfm/_api/render/file/?method=attachment&amp;fileID=BE836E9E-3327-4E46-859ABEA4DD5717F3,,QuantumUniverse_9781948933209_v2.epub,QuantumUniverse_9781948933209_v2.mobi
Mind Over Mood: Understanding Anxiety and Depression,6/1/20,"Anxiety and depression are two of the most common conditions affecting mental health and overall quality of life, but there are tools for managing them. In this eBook, we’ll explore how depression shows up in the brain, different manifestations of depression and anxiety, various talk therapies, technological innovations, lifestyle interventions and more. ",,https://www.scientificamerican.com/index.cfm/_api/render/file/?method=attachment&amp;fileID=DE1A2D0C-B383-4A0D-BC6B995704D7A490,https://www.scientificamerican.com/index.cfm/_api/render/file/?method=attachment&amp;fileID=892DD671-CD9C-4D8B-89D96C499B44307E,,AnxietyAndDepression_9781948933193_v2.epub,AnxietyAndDepression_9781948933193_v2.mobi
New Frontiers in Alzheimer's,5/4/20,"Until recently, one idea has dominated research in treating Alzheimer’s disease: the amyloid hypothesis. Those therapies have repeatedly fallen short, and in this eBook we take a look at where that hypothesis stands today. We examine recent research into the spectrum of disease causes, including inflammation and immune dysfunction; cutting-edge treatments, including deep-brain stimulation and magnetic resonance–guided focused ultrasound; as well as lifestyle interventions that can help protect from disease.",,https://www.scientificamerican.com/index.cfm/_api/render/file/?method=attachment&amp;fileID=84F24407-18E9-4B0C-BB8CAF70656AB19E,https://www.scientificamerican.com/index.cfm/_api/render/file/?method=attachment&amp;fileID=87AC4EAA-D9EB-43F9-BAB217EEDB0637EE,,Alzheimers_9781948933186_v3.epub,Alzheimers_9781948933186_v3.mobi
Wild Ideas in Science,4/6/20,"Science history is chock full of world-changing innovations that initially faced skepticism and ridicule for being too unconventional: light bulbs, cars and home computers are just a few examples. In this eBook, we take a look at the latest out-of-the-box ideas to tackle today’s biggest challenges, including so-called sponge cities designed to combat flooding, technology that mimics photosynthesis to produce fuel, modifying bacteria’s genetic circuits to treat genetic diseases and much more.",,https://www.scientificamerican.com/index.cfm/_api/render/file/?method=attachment&amp;fileID=FE491012-9773-4112-A89BBC33023073CF,https://www.scientificamerican.com/index.cfm/_api/render/file/?method=attachment&amp;fileID=54C34BE5-BA4D-4300-B6924A7B5A76F714,,WildIdeasInScience_9781948933179_v3.epub,WildIdeasInScience_9781948933179_v3.mobi
Martin Gardner: Adventures in Flatland,3/2/20,"Celebrated mathematician Martin Gardner is your guide to the planar playground in this eBook collection. For 25 years in his Mathematical Games column, Gardner mixed well-understood topics with the cutting-edge, and here we’ve selected some of Gardner’s best columns set in two dimensions, including games like Hex, geometric puzzles of transforming one shape to another, the physics of a two-dimensional world and more.",,https://www.scientificamerican.com/index.cfm/_api/render/file/?method=attachment&amp;fileID=1C6315DE-6023-426A-A5161BDBEFDE38E7,https://www.scientificamerican.com/index.cfm/_api/render/file/?method=attachment&amp;fileID=232E3D68-4945-4DFA-90A1D35DBED18BDE,,MartinGardner2_9781948933162_v2.epub,MartinGardner2_9781948933162_v2.mobi
The Rise of Humans,2/3/20,"Of all the species on Earth, why did ours rise to dominance? Previously, scientists thought many uniquely human traits resulted from sudden or brilliant adaptations, but new discoveries point to gradual processes that involve biological and social factors. In this eBook, we examine recent research on the origins of human cognitive abilities, ingenuity, language and culture as well as the advances opening doors to new hypotheses.",,https://www.scientificamerican.com/index.cfm/_api/render/file/?method=attachment&amp;fileID=25218E47-CD77-489E-9C94EBD4FC6F834D,https://www.scientificamerican.com/index.cfm/_api/render/file/?method=attachment&amp;fileID=D5A63DD4-21A0-48D4-A8BFEC4ABF6C5FCC,,RiseOfHumans_9781948933131_v3.epub,RiseOfHumans_9781948933131_v3.mobi
The Science of Diet & Exercise,1/1/20,"Updated for 2020. Our most popular eBook examines traditional weight loss advice and finds it wanting. The new edition includes January's cover story, ""Why Your Brain Needs Exercise,"" which looks at the benefits of exercise in an evolutionary context and ""Obesity on the Brain,"" which examines the effects of ""ultraprocessed"" foods. All eleven articles in this collection present the most recent research examining the details of the metabolic process and testing new approaches, some of which can be applied to how we think about diet and exercise today.

*If you purchased a copy of this eBook before the 2020 update, simply log into your account and download the new version.",,https://www.scientificamerican.com/index.cfm/_api/render/file/?method=attachment&amp;fileID=A08781D9-4233-406B-B555B0A65BEB88CC,https://www.scientificamerican.com/index.cfm/_api/render/file/?method=attachment&amp;fileID=02240785-612B-4518-95B2AAEBD9246716,,DietAndExercise_9781250121585_v7.epub,DietAndExercise_9781250121585_v7.mobi
Secrets of the Brain,12/2/19,"The sense of position and movement is often called the sixth sense; the brain’s connection to the immune system might be a seventh. In this eBook, we examine the diverse functions of the brain beyond the five senses, including the glymphatic system for maintaining brain health, the processes behind intuition and new research raising questions about “brain death.”",,https://www.scientificamerican.com/index.cfm/_api/render/file/?method=attachment&amp;fileID=2E4896DF-11AE-4289-B7A4EE3E47502F77,https://www.scientificamerican.com/index.cfm/_api/render/file/?method=attachment&amp;fileID=956078C7-B24F-4BDE-AE4A8B1316F0F0C5,,SecretsOfTheBrain_9781948933148_v2.epub,SecretsOfTheBrain_9781948933148_v2.mobi
A Question of Time,11/1/19,"Is time an illusion? Is time travel possible? Could time end? In this eBook, A Question of Time*, we take an interdisciplinary look at the fourth dimension, exploring the latest thinking on the nature of time and the ways it dominates our physical and mental worlds.

*Editor's Note: The Collector's Edition was updated in 2018 as A Matter of Time. The eBook adaptation contains all of the articles, but some of the artwork has been removed to optimize viewing on tablet devices. If you've purchased a copy of this eBook before this update, simply log into your account and download the new version.",,https://www.scientificamerican.com/index.cfm/_api/render/file/?method=attachment&amp;fileID=A2A1B7C1-8277-4655-A3DD29838CD1F218,https://www.scientificamerican.com/index.cfm/_api/render/file/?method=attachment&amp;fileID=3D5D75F1-E65D-44AB-9ECF7389B75D1BEC,,TimeReissue_9781466824188_v2.epub,TimeReissue_9781466824188_v2.mobi
Mathematics in the 21st Century,10/1/19,"One of the most powerful tools in the science arsenal, mathematics allows scientists across disciplines to test hypotheses about the real world. In this eBook, we look at important recent advances in the field and examine the role of modeling and statistical analysis in understanding biology, physics, politics and more.",,https://www.scientificamerican.com/index.cfm/_api/render/file/?method=attachment&amp;fileID=85AD7CEE-0B88-453A-948DD216EA96BB35,https://www.scientificamerican.com/index.cfm/_api/render/file/?method=attachment&amp;fileID=1F37394A-636A-4A0F-B918BF7783BC8E10,,Mathematics_9781948933124_v2.epub,Mathematics_9781948933124_v2.mobi
The Science of Consciousness,9/2/19,"How do neurons create feelings of sadness? Or the sense of a unique self? On the other hand, could conscious thought be an illusion? The nature of conscious experience is one of the most essential, enduring mysteries, and in this eBook we explore the diverse and sometimes contentious approaches to defining consciousness, research into its physical footprints, advances in measuring conscious awareness and emerging technologies bringing artificial intelligence systems closer to adapting and learning like a human brain.",,https://www.scientificamerican.com/index.cfm/_api/render/file/?method=attachment&amp;fileID=F3C51032-E253-4B64-950ABF3762AB5CD4,https://www.scientificamerican.com/index.cfm/_api/render/file/?method=attachment&amp;fileID=29493384-59F7-41EA-8AAE5EDA12F7155A,,ScienceOfConsciousness_9781948933117_v2.epub,ScienceOfConsciousness_9781948933117_v2.mobi
Extreme Physics,7/1/19,"Physicists are pushing into the extreme ends of the universe as we know it—from invisible particles and colliding massive black holes to the most crushing gravitational forces ever detected and spooky quantum entanglement. The 14-billion-year-old tale of our universe is far from over, and in this eBook, we examine a wave of discovery and take a new look at old ideas.

Editor's Note: This Collector's Edition was published as Extreme Physics. The eBook adaptation contains all of the articles, but some of the artwork has been removed to optimize viewing on tablet devices. ",,https://www.scientificamerican.com/index.cfm/_api/render/file/?method=attachment&amp;fileID=12DB499A-FC67-4F9B-91B30C8F99E3D48C,https://www.scientificamerican.com/index.cfm/_api/render/file/?method=attachment&amp;fileID=1D66DEDF-88E2-4CF2-98356E974999841C,,ExtremePhysics_9781948933100_v2.epub,ExtremePhysics_9781948933100_v2.mobi
IQ2O: Getting Smart About Water,6/3/19,"The current state of our water supply has been called a crisis in slow motion, facing a perfect storm of higher demands from a growing population, changing weather patterns due to climate change and safety threats caused by decaying infrastructure. In this eBook, we explore the ecological effects, the challenges surrounding water demand versus energy use, safety and sustainability issues and potential solutions from cloud seeding to urban planning that accounts for rising floodwaters.",,https://www.scientificamerican.com/index.cfm/_api/render/file/?method=attachment&amp;fileID=9B7E8F50-C03E-4902-91636563D8CFFF34,https://www.scientificamerican.com/index.cfm/_api/render/file/?method=attachment&amp;fileID=F757549A-2817-474B-A185E63C79A8D09D,,SmartWater_9781948933094_v2.epub,SmartWater_9781948933094_v2.mobi
Your Brain in the Smartphone Age,5/6/19,"According to recent headlines, today’s device-wielding teens are socially, emotionally and cognitively doomed. Reality, however, is not so clear cut. In this eBook, we've gathered what science has to say about the effects of smartphones and social media use on teenagers, as well as its effects on thought processes and relationships and its potential as a tool to monitor mental health.",,https://www.scientificamerican.com/index.cfm/_api/render/file/?method=attachment&amp;fileID=117FA5FD-30B5-4428-A27E34CFE934E2B7,https://www.scientificamerican.com/index.cfm/_api/render/file/?method=attachment&amp;fileID=114D91BF-9E16-4430-A33774841E89A14A,,BrainOnSmartphones_9781948933087_v3.epub,BrainOnSmartphones_9781948933087_v3.mobi
The New Science of Healthy Aging,4/1/19,"Understanding why we age and how to prevent age-related physical and mental decline can help us to live in the moment and enjoy our health at any age. In this eBook, we explore the latest thinking in why we age, strategies to help maintain good health as well as research into the limits of human longevity.",,https://www.scientificamerican.com/index.cfm/_api/render/file/?method=attachment&amp;fileID=0A12BFDC-2AFF-462B-BC8547DBCAF10050,https://www.scientificamerican.com/index.cfm/_api/render/file/?method=attachment&amp;fileID=0BA9FC01-65C0-458F-A90BFB3DB7A4C4C4,,EvolutionOfAging_9781948933070_v7.epub,EvolutionOfAging_9781948933070_v7.mobi
The Science Behind the Debates,3/4/19,"People say that they trust scientists, yet evidence often takes a back seat to emotions. In fact, for issues that cause the loudest public furor - like vaccine safety - there is almost no debate in the scientific community. In this eBook, we examine the science behind today’s most contentious debates including gun control, GMOs and evolution, as well as strategies for understanding and coping with denialism.

*Editor's Note: This eBook was originally published as a Special Edition The eBook adaptation contains all of the articles, but some of the artwork has been removed to optimize viewing on tablet devices. ",,https://www.scientificamerican.com/index.cfm/_api/render/file/?method=attachment&amp;fileID=88D61F33-0DE4-47F5-B7810FFDDC2ADD0E,https://www.scientificamerican.com/index.cfm/_api/render/file/?method=attachment&amp;fileID=78118E62-2D5C-460F-855CBE9B3B3DF949,,Debates_9781948933063_v2.epub,Debates_9781948933063_v2.mobi
The Microbiome: Your Inner Ecosystem,2/4/19,"We harbor roughly the same number of microbes as we have cells. This complex ecosystem is crucial to our health, affecting many processes including immunity, child development and bone density regulation. Research in this area has exploded, and in this eBook, we highlight some of the most exciting work on how the microbiome develops, its influence on brain and behavior and implications in both contributing to and treating various disorders.",,https://www.scientificamerican.com/index.cfm/_api/render/file/?method=attachment&amp;fileID=A4090D21-1DDB-40BF-94FE504E82889529,https://www.scientificamerican.com/index.cfm/_api/render/file/?method=attachment&amp;fileID=ED741B11-F084-4432-90B90F6A99546EFE,,Microbiome_9781948933056_v2.epub,Microbiome_9781948933056_v2.mobi
The Mystery of Sleep,1/1/19,"The reason we need sleep has long mystified scientists, but it’s crystal clear that we do need it. In fact, the more we learn about what happens while we snooze, the more we discover new benefits for multiple processes including hormone balance, immune function, emotional health, learning and memory. Studies show that even one night of disturbed rest leads to measurable impairments, and for this mini-collection, we’ve gathered the most recent research on the mechanisms of sleep. ",,https://www.scientificamerican.com/index.cfm/_api/render/file/?method=attachment&amp;fileID=51028958-5FC7-4B29-91ACC24B3919856C,https://www.scientificamerican.com/index.cfm/_api/render/file/?method=attachment&amp;fileID=CA89B834-E9F8-43D1-8CE3A2A85F5E9D2F,,Sleep_9781948933049_v3.epub,Sleep_9781948933049_v3.mobi
Mysteries of the Mind,12/3/18,"For more than a century, scientists across disciplines have investigated the workings of nature’s most complex organ. Findings from cutting-edge neuroscience are moving us closer to understanding processes like how we make decisions or navigate our environment. In this eBook, we examine the latest research on cognition, how the brain gives rise to consciousness and how we can improve mental health.

*Editor's Note: This eBook was originally published as a Special Edition. The eBook adaptation contains all of the articles, but some of the artwork has been removed to optimize viewing on tablet devices. 

 ",,https://www.scientificamerican.com/index.cfm/_api/render/file/?method=attachment&amp;fileID=07CFA8A8-95AB-4782-A8D0775635D53894,https://www.scientificamerican.com/index.cfm/_api/render/file/?method=attachment&amp;fileID=F1C3D1AB-EE40-451F-895552FB67A6F93B,,MysteriesOfMind_9781250121639_v2.epub,MysteriesOfMind_9781250121639_v2.mobi
Genetic Engineering: Progress and Controversy,11/5/18,"Genetic engineering, which refers to the direct manipulation of DNA, became a reality in the 1970s. In this eBook, we take a look at how far the field has come, starting with a revolutionary gene-editing tool called CRISPR that’s taking the research world by storm. We then examine how CRISPR and other approaches are being investigated to treat disease, the fantastic-sounding research being done in synthetic biology, controversial efforts in modifying crops and saving species, as well as the numerous ethical issues raised in these areas.",,https://www.scientificamerican.com/index.cfm/_api/render/file/?method=attachment&amp;fileID=CAE20BF3-83C0-49D7-8FEC4E46523E020C,https://www.scientificamerican.com/index.cfm/_api/render/file/?method=attachment&amp;fileID=C3C26E56-4B79-4466-960946D6C8D1FB81,,GeneticEngineering_9781948933032_v2.epub,GeneticEngineering_9781948933032_v2.mobi
Climate Change: Planet Under Pressure,10/1/18,"From increasingly severe storms to collapsing coral reefs to the displacement of Syrian citizens, in this eBook we examine the effects of Earth’s changing climate on weather systems, ecosystems and human habitability and what this means for our future.",,https://www.scientificamerican.com/index.cfm/_api/render/file/?method=attachment&amp;fileID=7094988A-F029-40EA-8957E79196579B17,https://www.scientificamerican.com/index.cfm/_api/render/file/?method=attachment&amp;fileID=5150FDC6-9BFC-4E94-9609332A93AF7DDB,,ClimateChangePlanetUnderPressure_9781250121646_v2.epub,ClimateChangePlanetUnderPressure_9781250121646_v2.mobi
Ask the Experts: Chemistry,10/1/18,"In this installment of the Ask the Experts series, Chemistry, our professors, scientists and researchers tackle reader questions about the substances that compose all matter, their properties and how they interact and change. Queries range from elementary questions, such as why some elements change color over a flame, to how chemistry works in everyday life to how certain substances affect the body and more.",,https://www.scientificamerican.com/index.cfm/_api/render/file/?method=attachment&amp;fileID=F266F112-E2EE-4200-AEBBD4C155A20765,https://www.scientificamerican.com/index.cfm/_api/render/file/?method=attachment&amp;fileID=E185226F-A155-4CF0-999B9466A5F8ACED,,AskExperts-Chemistry_9781948933001_v2.epub,AskExperts-Chemistry_9781948933001_v2.mobi
Return to Reason: The Science of Thought,9/3/18,"Why do facts fail to change people’s minds? In this eBook, we examine how we form our beliefs and maintain them with a host of cognitive biases, the difference between intelligence and thinking rationally and some solutions for how to overcome these obstacles both in reasoning with others and in dealing with our own prejudices.",,https://www.scientificamerican.com/index.cfm/_api/render/file/?method=attachment&amp;fileID=B8223DB9-1975-4B40-87CED60C05DADC07,https://www.scientificamerican.com/index.cfm/_api/render/file/?method=attachment&amp;fileID=B56FEFFB-5C33-419A-A2D990D8BA3EDD13,,Reason_9781948933032_v2.epub,Reason_9781948933032_v2.mobi
Wonders of the Cosmos,8/6/18,"“Cosmos” comes from a Greek word for an orderly and systematic universe. In this eBook, we present the most riveting discoveries and mind-bending ideas about our cosmic home, from what we know of the origins of the universe and the cartography of space to the most bizarre phenomena and the search for life. Discussions include the possibility that the big bang was the consequence of a black hole in a fourth spatial dimension, that cosmic ripples created infinite universes, that entangled black holes could act as wormhole-like passageways through space and much more.

Editor's Note: Special Edition was published as Wonders of the Cosmos. The eBook adaptation contains all of the articles, but some of the artwork has been removed to optimize viewing on tablet devices.",,https://www.scientificamerican.com/index.cfm/_api/render/file/?method=attachment&amp;fileID=02CCEC9E-7FE2-4885-B33F9B97BE76EAF7,https://www.scientificamerican.com/index.cfm/_api/render/file/?method=attachment&amp;fileID=9818AE51-65EC-4828-96BB81DE881833B2,,WonderOfTheCosmos_9781250121608_v3.epub,WonderOfTheCosmos_9781250121608_v3.mobi
Music and the Brain,7/2/18,"Neuroscientists have shown that music recruits nearly every area of the brain, fostering connections across different regions. In this eBook, we examine the latest imaging studies and discuss the effects of music on emotion, cognition, sensation and motor function. This includes an examination of the brain’s anatomy when listening to or creating music, of music’s relationship to learning math and language skills and of its role in promoting social connections and treating brain disorders and injuries.",,https://www.scientificamerican.com/index.cfm/_api/render/file/?method=attachment&amp;fileID=828F4B33-E1E5-41AB-983621327D9FA0BF,https://www.scientificamerican.com/index.cfm/_api/render/file/?method=attachment&amp;fileID=EB738CE7-BAF3-41D1-83EECDF2B954D459,,MusicAndBrain_9781948933018_v4.epub,MusicAndBrain_9781948933018_v4.mobi
The New Science of Sex and Gender,6/4/18,"Vital research is starting to challenge long-standing assumptions about gender identity and biological sex, such as work that indicates the brain is a “mosaic” of traits rather than a “male” and “female” brain. Growing knowledge of the genetic complexities of sexual determination is (slowly) changing the way the medical community treats intersex individuals, and in this eBook, The New Science of Sex and Gender, we not only examine the latest studies in biology, medicine and psychology but also, more importantly, their bearing on healthcare, identity and access.",,https://www.scientificamerican.com/index.cfm/_api/render/file/?method=attachment&amp;fileID=0CE79157-9988-4FB3-B0BAA8ABA69A53AA,https://www.scientificamerican.com/index.cfm/_api/render/file/?method=attachment&amp;fileID=DDD0A5F0-04EA-4896-A3EE51D81748BE3C,,Gender_9781250121622_v2.epub,Gender_9781250121622_v2.mobi
Pain: The Search for Relief,4/30/18,"Burning. Shooting. Stabbing. Sometimes the cause is unknown. Sometimes it begins as the result of an injury. Whatever form it takes, chronic pain often resists treatment. In this eBook, we examine the latest advances in understanding the pathology of chronic pain and the efforts to find better, non-opioid treatment options including electrical stimulation of nerves, venom from spiders and other creatures and psychological interventions including virtual-reality therapy and acupuncture.",,https://www.scientificamerican.com/index.cfm/_api/render/file/?method=attachment&amp;fileID=F086B75C-98CF-40CC-941EF879B192A997,https://www.scientificamerican.com/index.cfm/_api/render/file/?method=attachment&amp;fileID=805D4C59-DEE4-434C-B054516EE5909B2F,,Pain_9781250121592_v3.epub,Pain_9781250121592_v3.mobi
Mysteries of Life in the Universe,4/2/18,"How did life begin on Earth? Does it exist elsewhere? What would those life forms be like? These fundamental questions about the nature of life and our own cosmic significance are endlessly fascinating. In this eBook, we present several theories on the origin of life, some of its extreme and surprising forms and the ongoing search for signs – or sentience – on distant worlds.",,https://www.scientificamerican.com/index.cfm/_api/render/file/?method=attachment&amp;fileID=12B30646-CA73-48F9-8B0F91B05D0A1B1B,https://www.scientificamerican.com/index.cfm/_api/render/file/?method=attachment&amp;fileID=F63C30E8-B57D-4DA3-8EF20BB701339DD8,,MysteriesOfLife_9781250121578_v4.epub,MysteriesOfLife_9781250121578_v4.mobi
Trailblazers: Women in Science,3/5/18,"Sally Ride, the first American woman to go to space, once said that she didn’t set out to be a role model, but after her first flight, she realized that she was one. Like her, the 12 women scientists in this collection became unintentional heroes through perseverance and hard work, making great discoveries in all areas of science. From Vera Rubin’s examination of the internal dynamics of galaxies to Nobel Prize winner May-Britt Moser’s study of the brain’s GPS-like navigating system, read up on the achievements of women who became role models for us all.",,https://www.scientificamerican.com/index.cfm/_api/render/file/?method=attachment&amp;fileID=C58A3A41-3F33-40C4-A064F577E566808E,https://www.scientificamerican.com/index.cfm/_api/render/file/?method=attachment&amp;fileID=20528892-B350-4CC6-A67FF16E692A0EF9,,WomenInScience_9781250121615_v3.epub,WomenInScience_9781250121615_v3.mobi
Unlocking Happiness,1/1/18,"Take control and retrain your brain to achieve a happier, healthier state of mind. In this eBook, we examine aspects of daily life that affect mood such as perception, social support and time management and offer approaches shown to boost contentment, including reframing negative events, increasing resilience through self-compassion and practicing mindfulness.",,https://www.scientificamerican.com/index.cfm/_api/render/file/?method=attachment&amp;fileID=D039F22F-7441-49EA-AAB7650725E963E2,https://www.scientificamerican.com/index.cfm/_api/render/file/?method=attachment&amp;fileID=B5F2B4B6-207E-44C5-829F5455D34177AC,,9781250121547_Happiness_v2.epub,9781250121547_Happiness_v2.mobi
Amazing Animals,11/20/17,"We humans tend to think that we are unique in our intelligence, social skill and depth of emotion, but we think too much of ourselves. The animal kingdom teems with hidden stories of the weird and fascinating, and in this eBook, Amazing Animals*, we gather recent research on animal behavior, including surprising discoveries of how animals think and feel, from man’s best friend to some of the earth’s oddest creatures.

*Editor's Note: Special Edition was published as The Secret Lives of Animals. The eBook adaptation contains all of the articles, except for ""Einstein of the Sea"" and ""The Secret Lives of Horses,"" and some artwork has been removed to optimize viewing on tablet devices.",,https://www.scientificamerican.com/index.cfm/_api/render/file/?method=attachment&amp;fileID=3C7C2CC5-B519-49FB-8669F6019414AA67,https://www.scientificamerican.com/index.cfm/_api/render/file/?method=attachment&amp;fileID=C99B8EC8-0C3E-4EDC-9B6E6BE7123DE581,,AmazingAnimals_9781250121561_v3.epub,AmazingAnimals_9781250121561_v3.mobi
The Real Zombies of Nature,10/23/17,"The zombie has had a bit of a renaissance over the last decade. Hollywood churns out films like World War Z and TV shows like The Walking Dead, communities throughout the country hold zombie runs and races. So what’s driving the zombie obsession? Where did the fear of this creature originate? In this eBook, The Real Zombies of Nature, we look at the myth of the zombie versus real instances of zombification in the natural world and engage in some scientific speculation about what would happen if myth ever became reality.",,https://www.scientificamerican.com/index.cfm/_api/render/file/?method=attachment&amp;fileID=FB860EB5-6F11-4417-8E5E45724308CB6A,https://www.scientificamerican.com/index.cfm/_api/render/file/?method=attachment&amp;fileID=D1110EB3-5553-414E-BEE74F29F19D4478,,RealZombies_9781250121554_NEWCOVER.epub,RealZombies_9781250121554_NEWCOVER.mobi
"Ask the Brains, Part 2: 62 Answers to Common Questions on the Mind",9/18/17,"From irrational phobias to a midlife crisis, we've all experienced moments of utter confusion about the nature of our own behavior, emotions or perception of reality. In this eBook, neurologists and other scientists share what they know about how the mind works, including some of these baffling psychological experiences.",,https://www.scientificamerican.com/index.cfm/_api/render/file/?method=attachment&amp;fileID=1D2D7EDD-FBDF-41A0-97C8E51D42D852E2,https://www.scientificamerican.com/index.cfm/_api/render/file/?method=attachment&amp;fileID=0BF152EB-8833-45E6-B8C7C2A755AA71AE,,AskBrainsVol2_9781250121530_NEWCOVER.epub,AskBrainsVol2_9781250121530_NEWCOVER.mobi
Evolution: The Human Odyssey,8/21/17,"The complex story of human evolution is a tale seven million years in the making. Each new discovery adds to or revises our story and our understanding of how we came to be the way we are. In this eBook, Evolution: The Human Odyssey*, we explore the evolution of those characteristics that make us human.

*Editor's Note: Special Edition was published as The Story of Us. The eBook adaptation contains all of the articles, but some of the artwork has been removed to optimize viewing on tablet devices.",,https://www.scientificamerican.com/index.cfm/_api/render/file/?method=attachment&amp;fileID=77629147-2C3C-4178-B2BC90826896AE3B,https://www.scientificamerican.com/index.cfm/_api/render/file/?method=attachment&amp;fileID=664814FF-AA7F-4FA3-8B59F8027E2DB877,,EvolutionHumanOdyssey_9781250121509_NEWCOVER_2.epub,EvolutionHumanOdyssey_9781250121509_NEWCOVER_2.mobi
The Higgs Boson: Searching for the God Particle,7/5/17,"One of the biggest discoveries in physics, the quest for the Higgs boson demonstrates the value of a good theory.  In July 2012, a Higgs-like particle was found near the energies scientists expected to find it. Now, armed with better evidence and better questions, the scientific process continues. In this eBook, we've gathered our best reporting to explain that process – the theories, the search, the discovery, the ongoing questions.",,https://www.scientificamerican.com/index.cfm/_api/render/file/?method=attachment&amp;fileID=002C7A68-4FB4-49CF-A74B4B7AC4A8577D,https://www.scientificamerican.com/index.cfm/_api/render/file/?method=attachment&amp;fileID=E54BA271-16D4-48B4-A51D1DEB372ECFF4,,Higgs_9781466824133_NEWCOVER.epub,Higgs_9781466824133_NEWCOVER.mobi
"Ask the Brains, Part 1: 55 Mysteries of the Mind",6/19/17,"People behave in strange ways. We sometimes giggle when someone falls down, swear we've been to places we haven't or continue believing in something despite scientific evidence to the contrary. For more than a decade, Scientific American MIND’s long-running feature “Ask the Brains” has addressed questions from our readers on the quirks and quandaries of human behavior, psychology and neurology. Here in Ask the Brains, Part 1 we’ve compiled some of the best and most interesting inquiries about the human brain.",,https://www.scientificamerican.com/index.cfm/_api/render/file/?method=attachment&amp;fileID=CA68FDD9-D527-484A-8D0DBAFB9D96AB97,https://www.scientificamerican.com/index.cfm/_api/render/file/?method=attachment&amp;fileID=09B1FC1A-41F2-4726-86CF910028AF2A17,,AskBrainsVol1_9781250121523_NEWCOVER.epub,AskBrainsVol1_9781250121523_NEWCOVER.mobi
Physics: New Frontiers,5/22/17,"Science fiction has imagined some pretty wild ideas about how the universe could work – from hidden extra dimensions in Interstellar to life as a mental projection in The Matrix. But these imaginings seem downright tame compared with the mind-bending science now coming out of physics and astronomy, and in this eBook, we look at the strange and fascinating discoveries shaping (and reshaping) the field today.

*Editor's Note: Special Edition was published as Physics at the Limits. The eBook adaptation contains all of the articles, but some of the artwork has been removed to optimize viewing on tablet devices.",,https://www.scientificamerican.com/index.cfm/_api/render/file/?method=attachment&amp;fileID=752E2666-AEF9-4E78-A3B39D5891B2AFD9,https://www.scientificamerican.com/index.cfm/_api/render/file/?method=attachment&amp;fileID=4749EB60-B676-4354-BA42B72EF5DEE4BA,,PhysicsNewFrontiers_9781250121493_NEWCOVER.epub,PhysicsNewFrontiers_9781250121493_NEWCOVER.mobi
Fragile Brain: Neurodegenerative Diseases,4/24/17,"Brain disease such as Alzheimer’s and Parkinson’s affect an estimated one in six Americans and are increasing in incidence as the population ages. In this eBook, we examine these and other conditions involving the damage and loss of neurons, including other forms of dementia, amyotrophic lateral sclerosis (ALS), chronic traumatic encephalopathy (CTE) and multiple sclerosis (MS).",,https://www.scientificamerican.com/index.cfm/_api/render/file/?method=attachment&amp;fileID=63DE03D6-3249-4526-B0DAE4FCA542A417,https://www.scientificamerican.com/index.cfm/_api/render/file/?method=attachment&amp;fileID=DC4A291B-EE29-4F5D-8FF7D780F4C41EE8,,BrainDisease_9781466859081_NEWCOVER.epub,BrainDisease_9781466859081_NEWCOVER.mobi
The Science of Cancer,3/20/17,"The past few years have seen tremendous strides in our understanding of cancer, including new hypotheses about its genetic origins and new treatment alternatives using the body’s own immune response. In this eBook, The Science of Cancer, we examine what we know and what we’re finding out about this scourge of humankind. We delve into the molecular basis and complex causes of cancer, the arguments for and against screenings, minimizing risk, and several new and targeted therapies, including homing in on stem cells, making use of viruses, and making use of vaccines to jump-start the immune system.",,https://www.scientificamerican.com/index.cfm/_api/render/file/?method=attachment&amp;fileID=BC488FAF-A701-4164-A07558AF70D25D57,https://www.scientificamerican.com/index.cfm/_api/render/file/?method=attachment&amp;fileID=017C4548-8B4A-479C-AEFED25471D72C11,,Cancer_9781466859074_NEWCOVER.epub,Cancer_9781466859074_NEWCOVER.mobi
Evolution vs. Creationism,2/6/17,"Creationists, or those who hold the belief that the universe and all life was made by divine creator, have tried to use a myriad of tactics either to ban the teaching of evolution entirely or to have creationism and/or intelligent design taught alongside it in public schools. In this eBook, Evolution vs. Creationism, we take a close look at the rise of Darwinism, the arguments and opposition by the creationist movement, whether faith and science can coexist and what could happen if the U.S. continues on an anti-science trajectory.
 ",,https://www.scientificamerican.com/index.cfm/_api/render/file/?method=attachment&amp;fileID=1707377F-645F-442F-BAE56BB2FBA65BB2,https://www.scientificamerican.com/index.cfm/_api/render/file/?method=attachment&amp;fileID=06A2528C-CF38-4C5B-BA3F661002C01E65,,EvolutionCreationism_9781466859067_NEWCOVER.epub,EvolutionCreationism_9781466859067_NEWCOVER.mobi
Fact or Fiction 2: 50 (More) Popular Myths Explained,1/16/17,"We're back to debunk a second collection of urban lore and cultural mythology in Fact or Fiction 2: 50 (More) Cultural Myths Explained. In this sequel to our best-selling first edition, we cast our analytical eye on long-standing claims such as the ""5-second rule,"" which insists that food dropped on the floor is safe to eat if picked up within 5 seconds, and that a ""base tan"" will protect against sunburn.",,https://www.scientificamerican.com/index.cfm/_api/render/file/?method=attachment&amp;fileID=237F62E9-6D31-4118-824054F0F875EFC2,https://www.scientificamerican.com/index.cfm/_api/render/file/?method=attachment&amp;fileID=DF22C34A-2CA0-48C2-B68DD62087C761B2,,FactOrFiction2_9781466859050_NEWCOVER.epub,FactOrFiction2_9781466859050_NEWCOVER.mobi
Ultimate Physics: From Quarks to the Cosmos,7/11/16,"The fundamental outlines of the physical world, from its tiniest particles to massive galaxy clusters, have been apparent for decades. Does this mean physicists are about to tie it all up into a neat package? Not at all. Just when you think you’re figuring it out, the universe begins to look its strangest, and this eBook illustrates how answers often lead to more questions and open up new paths to insight. 

*Editor's Note: Special Edition was published as Extreme Physics. The eBook adaptation contains all of the articles, but some of the artwork has been removed to optimize viewing on tablet devices.",,https://www.scientificamerican.com/index.cfm/_api/render/file/?method=attachment&amp;fileID=08A45168-A0FC-4339-A7DA049D74B2F36C,https://www.scientificamerican.com/index.cfm/_api/render/file/?method=attachment&amp;fileID=0CEDE8DC-62FA-4E3E-A24E526717CC467E,,UltimatePhysics_9781466859043_NEWCOVER.epub,UltimatePhysics_9781466859043_NEWCOVER.mobi
Nature Collections: CRISPR-Cas9 Genome Editing,,"Only rarely do scientific fields experience the meteoric rise to fame and global interest of CRISPR–Cas9 genome editing. Originally identified as a natural defence mechanism in bacteria, this system can be easily programmed to cut and edit almost any DNA sequence in diverse species. Such is the impact that nearly all fields of biology are benefiting from this technology.",https://www.scientificamerican.com/index.cfm/_api/render/file/?method=inline&amp;fileID=2355F857-6E64-43D4-A003874B428024ED,,,Crispr_eBook final.pdf,,
Ask the Experts: The Environment,3/28/16,"The fourth eBook in our Ask the Experts series, The Environment tackles questions about the world around us. In these pages, our experts field queries on the weather, natural disasters, natural resources, climate change and unusual phenomena.",,https://www.scientificamerican.com/index.cfm/_api/render/file/?method=attachment&amp;fileID=4405AA5E-85A3-4C0A-856242D966038D1C,https://www.scientificamerican.com/index.cfm/_api/render/file/?method=attachment&amp;fileID=906B1E13-F3E4-4C57-B787702CA1771156,,AskExpert-Environment_9781466859036_NEWCOVER.epub,AskExpert-Environment_9781466859036_NEWCOVER.mobi
9 to 5: Your Mind at Work,2/29/16,"Many factors – personal, professional and psychological – combine to affect how we think, feel and act while on the job, which ultimately affects our productivity and success. In this eBook, 9 to 5: Your Mind at Work, we look at some of these factors, including the physical office space, how to foster creativity and communication, the psychology of effective leadership, the benefits and importance of diversity and achieving work-life balance.",,https://www.scientificamerican.com/index.cfm/_api/render/file/?method=attachment&amp;fileID=D684D1DE-2234-4878-846186E7D47C609B,https://www.scientificamerican.com/index.cfm/_api/render/file/?method=attachment&amp;fileID=852D1846-FC23-4FAB-BB8D720F01F9B4CF,,MindAtWork_9781466859029_NEWCOVER.epub,MindAtWork_9781466859029_NEWCOVER.mobi
The Science of Pets,12/21/15,"In the U.S., more than half of households have a pet – usually more than one. They’re usually considered members of the family, and some of us even call them our “furry children.” The strength of the human-pet bond tells us as much or more about ourselves as it does about our pets, and in this eBook, we look at why dogs and cats behave the way they do and what makes our bond with them so strong.

*Editor's Note: Special Edition was published as The Science of Dogs & Cats. The eBook adaptation contains all of the articles, but some of the artwork has been removed to optimize viewing on tablet devices.",,https://www.scientificamerican.com/index.cfm/_api/render/file/?method=attachment&amp;fileID=ACA57885-0A7C-4FA7-A934404DAEA0E0D1,https://www.scientificamerican.com/index.cfm/_api/render/file/?method=attachment&amp;fileID=964CB319-DA2A-43C6-8F84A3009425FC05,,Pets_9781466859012_NEWCOVER.epub,Pets_9781466859012_NEWCOVER.mobi
The Science of Genius,11/16/15,"How do we define genius? Standardized testing to measure intelligence began in the first half of the 20th century, but a high IQ score is only one way to quantify genius. Another is by virtue of extraordinary achievement and expertise in science and the arts. In this eBook, The Science of Genius*, we review the latest research on the nature of intellectual and creative achievement. 

*Editor's Note: Special Edition was published as Your Inner Genius. The eBook adaptation contains all of the articles, but some of the artwork has been removed to optimize viewing on tablet devices.",,https://www.scientificamerican.com/index.cfm/_api/render/file/?method=attachment&amp;fileID=5EB50E4F-EF0C-4AC5-B487CDD1D7E64B0E,https://www.scientificamerican.com/index.cfm/_api/render/file/?method=attachment&amp;fileID=13809E8E-6FC8-46E5-B652F81D008984A5,,Genius_9781466859005_NEWCOVER.epub,Genius_9781466859005_NEWCOVER.mobi
Understanding Child Development,7/13/15,"How exactly do children become the fully functioning adults they were meant to be? In this eBook, Understanding Child Development, we investigate this profoundly complicated process from infancy through early childhood.",,https://www.scientificamerican.com/index.cfm/_api/render/file/?method=attachment&amp;fileID=B85AF151-DEDB-4736-9CBAD7A66B84FC57,https://www.scientificamerican.com/index.cfm/_api/render/file/?method=attachment&amp;fileID=CBC78C75-1B37-4178-9097A938633A6071,,ChildDevelopment_9781466858992_NEWCOVER.epub,ChildDevelopment_9781466858992_NEWCOVER.mobi
Exoplanets: Worlds Without End,6/15/15,"In the two decades since the first planet outside of our solar system was discovered, “exoplanetology” has become the hottest specialty in astrophysics. To date, more than 1,000 exoplanets have been found, and this eBook explains the investigative techniques used and analyzes the strange and controversial discoveries in this exciting field.",,https://www.scientificamerican.com/index.cfm/_api/render/file/?method=attachment&amp;fileID=E21772EC-7E0E-4CD7-A4CEFCFEF311DC95,https://www.scientificamerican.com/index.cfm/_api/render/file/?method=attachment&amp;fileID=D11A46B6-6941-4EF4-B1ECAC83F4DDF100,,Exoplanets_9781466858985_NEWCOVER.epub,Exoplanets_9781466858985_NEWCOVER.mobi
Ask the Experts: Human Body and Mind,3/9/15,"The third eBook in our Ask the Experts series, Human Body and Mind tackles questions about our own strange and mysterious biology, from how we evolved to exist this way to feats of body and mind.",,https://www.scientificamerican.com/index.cfm/_api/render/file/?method=attachment&amp;fileID=C28EAD2C-B0AE-4DB1-8A625A518FFC8D4F,https://www.scientificamerican.com/index.cfm/_api/render/file/?method=attachment&amp;fileID=7FB66236-BC38-4904-90A043CB68373F44,,AskExpert-Humans_9781466858978_NEWCOVER.epub,AskExpert-Humans_9781466858978_NEWCOVER.mobi
The Science of Creativity,1/5/15,"Creativity was long thought to be a gift from the muses, a special quality of a select minority of people. Fortunately, more recent studies have debunked this belief, and in this eBook, we look at this difficult-to-define quality from all angles: where creativity comes from, lessons we can learn from creative geniuses and how to cultivate creativity.

* Editor’s note: Special Edition was published as The Mad Science of Creativity. The eBook adaptation contains all of the articles, but some artwork has been removed to optimize viewing on tablet devices. 
 ",,https://www.scientificamerican.com/index.cfm/_api/render/file/?method=attachment&amp;fileID=EDCAF654-4727-4336-8C538D58FDBE52B6,https://www.scientificamerican.com/index.cfm/_api/render/file/?method=attachment&amp;fileID=0A981CAF-771D-4026-A77522E66B79143E,,Creativity_9781466858961_NEWCOVER.epub,Creativity_9781466858961_NEWCOVER.mobi
Breaking Bad Habits,12/22/14,"Self improvement is a lifelong quest. Changing personal habits is both hugely difficult and hugely rewarding. Here, we offer this eBook on breaking bad habits and the ultimate satisfaction of making difficult life changes.",,https://www.scientificamerican.com/index.cfm/_api/render/file/?method=attachment&amp;fileID=B1D8DC58-57CC-4998-AC1DC38F4C03CA9B,https://www.scientificamerican.com/index.cfm/_api/render/file/?method=attachment&amp;fileID=819BE9B8-982D-4124-AD71ACEF67485BCC,,BreakingBadHabits_9781466858954_NEWCOVER.epub,BreakingBadHabits_9781466858954_NEWCOVER.mobi
"His Brain, Her Brain",11/24/14,"Boy or girl? Even before a person is born, that’s the first thing everyone wants to know—underscoring just how much value humans place on gender. In this eBook, we take a closer look at the anatomical, chemical and functional differences in the brains of men and women—as well as some surprising similarities. 

* Editor’s note: Special Edition was published as His Brain, Her Brain. The eBook adaptation contains all of the articles except for ""The Third Gender,"" and some artwork has been removed to optimize viewing on tablet devices.",,https://www.scientificamerican.com/index.cfm/_api/render/file/?method=attachment&amp;fileID=56283487-414B-456B-8ED3755C311D9A74,https://www.scientificamerican.com/index.cfm/_api/render/file/?method=attachment&amp;fileID=71036F12-7B64-4777-91693FFE952ECDF2,,HisBrainHerBrain_9781466858930_NEWCOVER.epub,HisBrainHerBrain_9781466858930_NEWCOVER.mobi
Dinosaurs!,11/24/14,"Terrible lizards. That’s what the word “dinosaurs” means. Yet dinosaurs are not true lizards, and they are not necessarily terrible either. Paleontologists have overturned many misconceptions, and in this eBook, Dinosaurs!*, we look at what the latest research tells us and what we still have to learn about these endlessly fascinating creatures. 

* Editor’s note: Special Edition was published as Dinosaurs!. The eBook adaptation contains all of the articles except for ""Fossils of the Flaming Cliffs,"" and some artwork has been removed to optimize viewing on tablet devices.",,https://www.scientificamerican.com/index.cfm/_api/render/file/?method=attachment&amp;fileID=503202FF-65AF-4962-86CDC0E16D0AB1A8,https://www.scientificamerican.com/index.cfm/_api/render/file/?method=attachment&amp;fileID=0312C975-E342-415D-93CBCFF0AFF765CF,,Dinosaurs_9781466858947_NEWCOVER.epub,Dinosaurs_9781466858947_NEWCOVER.mobi
Martin Gardner: The Magic and Mystery of Numbers,10/6/14,"Known as “the best friend mathematics ever had,” Martin Gardner introduced many readers to real mathematics, making the subject accessible and fun for more than 25 years through his Mathematical Games column. In this eBook collection, we strove to create a new “slice” through his wealth of material. We focus on all flavors of number, from common integers and negative numbers to figurate numbers and the exotic random number, Omega, which can be described but not computed.",,https://www.scientificamerican.com/index.cfm/_api/render/file/?method=attachment&amp;fileID=52B5E057-D524-441D-B593E2DECAFF0C97,https://www.scientificamerican.com/index.cfm/_api/render/file/?method=attachment&amp;fileID=D37A7765-827E-4E52-BEA2C767799632EF,,MartinGardner_9781466858923_NEWCOVER.epub,MartinGardner_9781466858923_NEWCOVER.mobi
Ask the Experts: Astronomy,8/25/14,"This second eBook in our Ask the Experts series – Astronomy – looks skyward and explains a variety of universal phenomena and theories. Questions on stars, planets, asteroids, galaxies, black holes, space exploration and more are answered in this collection.",,https://www.scientificamerican.com/index.cfm/_api/render/file/?method=attachment&amp;fileID=54806674-1C5C-42D4-AD1287B9ADEE373D,https://www.scientificamerican.com/index.cfm/_api/render/file/?method=attachment&amp;fileID=7EB99624-9BC2-4503-A8298DBB95D2D3CA,,AskExpertsAstronomy_9781466858893_NEWCOVER_v2.epub,AskExpertsAstronomy_9781466858893_NEWCOVER_v2.mobi
The Science of Education: Back to School,8/18/14,"The science of education is elusive. Educators, academics and scientists have struggled with issues like how to make learning approachable yet challenging, what to include in the curriculum and when, what the optimal class size is and so on. In this collection, we explore the many ways that learning is also a scientific process and offer the latest theories of teaching and learning.",,https://www.scientificamerican.com/index.cfm/_api/render/file/?method=attachment&amp;fileID=9B8E4A87-7B08-43A2-88F069BA765A5AA4,https://www.scientificamerican.com/index.cfm/_api/render/file/?method=attachment&amp;fileID=412FC110-347E-4124-8CC530396B40885B,,BackToSchool_9781466824140_NEWCOVER.epub,BackToSchool_9781466824140_NEWCOVER.mobi
Ask the Experts: Physics and Math,8/11/14,"Scientific American’s  “Ask the Experts” column has been answering reader questions for nearly two decades. Now, we've combed through our archives and compiled some of the most interesting entries into a series of eBooks organized by subject. In the first of the series – Physics and Math – professors and researchers tackle a wide range of natural phenomena and mathematical concepts from what is antimatter to applications of game theory to what we know about tachyons.",,https://www.scientificamerican.com/index.cfm/_api/render/file/?method=attachment&amp;fileID=56F57CF4-D6B1-4AA2-BE7B1CF3484C2A93,https://www.scientificamerican.com/index.cfm/_api/render/file/?method=attachment&amp;fileID=3179B1C9-5669-470C-A4749A404C7C8DA3,,AskExpertsPhysicsMath_9781466858886_NEWCOVER.epub,AskExpertsPhysicsMath_9781466858886_NEWCOVER.mobi
"Allergies, Asthma and the Common Cold",5/19/14,"During allergy season, sufferers know the drill: runny nose, watery eyes, sneezing up a storm. If you also have asthma, symptoms might also include coughing and wheezing. Then there’s the common cold, which also presents with similar symptoms. So what’s causing your runny nose? In this eBook, Allergies, Asthma and the Common Cold, we review what we know about these three conditions as well as take a look at food allergies and what’s on the horizon for allergy treatment and prevention.",,https://www.scientificamerican.com/index.cfm/_api/render/file/?method=attachment&amp;fileID=8302B085-F82B-4764-8BE51CF1371703F8,https://www.scientificamerican.com/index.cfm/_api/render/file/?method=attachment&amp;fileID=952E5F4E-9A4B-4997-95B263489FADDBD4,,Allergies_9781466842588_NEWCOVER.epub,Allergies_9781466842588_NEWCOVER.mobi
Tomorrow's Medicine,4/28/14,"One hundred years ago, many common medical treatments were found in the pages of science fiction novels, whereas today, medical journals often sound like science fiction. This eBook looks at the most promising areas where technology could transform health, including cybernetics, regenerative medicine, nanotechnology and genetically tailored treatments. Although many of these advances may not be ready to treat humans for many years, some of them may someday profoundly change—and extend—our lives.",,https://www.scientificamerican.com/index.cfm/_api/render/file/?method=attachment&amp;fileID=2170309B-8210-492B-A76CDBA86F2E4953,https://www.scientificamerican.com/index.cfm/_api/render/file/?method=attachment&amp;fileID=E49FFEAA-C786-40DE-9D11B564F9E7D866,,TomorrowsMedicine_9781466858879_NEWCOVER.epub,TomorrowsMedicine_9781466858879_NEWCOVER.mobi
Designing the Urban Future: Smart Cities,3/31/14,"After smart phones, smart TVs, smart windows and other smart products on the horizon, smart cities were the next logical step in trying to create a better, brighter, more sustainable and economically sound future. A relatively new term, ""smart cities"" conjures images of a cooperative, wired, prosperous utopia where citizens of all classes achieve a high quality of life. In this eBook, we look at the qualities needed for future cities to survive and thrive.",,https://www.scientificamerican.com/index.cfm/_api/render/file/?method=attachment&amp;fileID=4F466C08-E243-416B-BC11DEBE763D23EE,https://www.scientificamerican.com/index.cfm/_api/render/file/?method=attachment&amp;fileID=CB0A5085-DE46-467B-8E1A8248AAF84A5C,,SmartCities_9781466842618_NEWCOVER.epub,SmartCities_9781466842618_NEWCOVER.mobi
Doing the Right Thing: Ethics in Science,11/25/13,"Making ethical decisions involves more than listening to an inner moral compass, a feeling in the gut of what’s right and wrong; and questions of ethics in science are becoming increasingly complex, especially as technology encroaches upon even our most private cellular spaces. In this eBook, Doing the Right Thing: Ethics in Science, we cover a wide range of areas in science and medicine where complicated ethical questions come to bear, including genomics and research where informed—and ethically sound—choices are the basis of many scientific studies.",,https://www.scientificamerican.com/index.cfm/_api/render/file/?method=attachment&amp;fileID=C6732EE7-9C0A-4DA7-AA056F030D55BC85,https://www.scientificamerican.com/index.cfm/_api/render/file/?method=attachment&amp;fileID=AD0F708B-980D-494A-945D105627E980B7,,Ethics_9781466842595_NEWCOVER.epub,Ethics_9781466842595_NEWCOVER.mobi
The Secrets of Consciousness,11/18/13,"Consciousness is more than mere awareness. It’s how we experience the world, how we turn input into experience. Once the province of philosophy, religion or perhaps fantasy, neuroscientists have added a scientific voice to the discussion, using available medical technology to explore just what separates so-called “mind” from brain. In this eBook, we look at what science has to say about one of humankind’s most fundamental, existential mysteries.",,https://www.scientificamerican.com/index.cfm/_api/render/file/?method=attachment&amp;fileID=D0D8A79E-D7C8-47CC-958CFE7FCACF873A,https://www.scientificamerican.com/index.cfm/_api/render/file/?method=attachment&amp;fileID=A4250F6B-D34B-4076-BDA77C60B0058D92,,SecretsOfConciousness_9781466842595_NEWCOVER_v2.epub,SecretsOfConciousness_9781466842595_NEWCOVER_v2.mobi
The Changing Face of War,10/21/13,"The nuclear bomb ushered in a new age. The rules of warfare had to change when one act might end civilization. In this eBook, The Changing Face of War, we examine the technologies being developed or adapted for war and defense—and what these innovations mean for the way nations (and non-state antagonists) conduct military or security operations.",,https://www.scientificamerican.com/index.cfm/_api/render/file/?method=attachment&amp;fileID=63F9E841-EF38-4D6D-BEE8658D24DAFF7D,https://www.scientificamerican.com/index.cfm/_api/render/file/?method=attachment&amp;fileID=12711C59-6817-424B-9F401208B4AFCCBF,,Warfare_9781466842571_NEWCOVER.epub,Warfare_9781466842571_NEWCOVER.mobi
"Becoming Human: Our Past, Present and Future",9/23/13,"We humans are a strange bunch. We have self-awareness and yet often act on impulses that remain hidden. How did we get here? What is to become of us? To these age-old questions, science has in recent years brought powerful tools and reams of data, and in this eBook, Becoming Human*, we look at what these data have to tell us about who we are.

* Editor’s note: Special Edition was published as Evolution: What Makes Us Human? The eBook adaptation contains all of the articles, but some artwork has been removed to optimize viewing on tablet devices.",,https://www.scientificamerican.com/index.cfm/_api/render/file/?method=attachment&amp;fileID=60D46FD6-467B-4612-B6B3453E66F1A67E,https://www.scientificamerican.com/index.cfm/_api/render/file/?method=attachment&amp;fileID=A324692B-F4C9-4D2B-9A9D07AF8CF0FE22,,BecomingHuman_9781466842564_rNEWCOVER.epub,BecomingHuman_9781466842564_rNEWCOVER.mobi
From Abuse to Recovery: Understanding Addiction,9/16/13,"Addiction is costly on many levels to the individuals affected, their families and society as a whole, but science may soon be able to offer treatment options to make the road to recovery a little smoother. In this eBook, Understanding Addiction, we tackle the many facets of this complex issue.",,https://www.scientificamerican.com/index.cfm/_api/render/file/?method=attachment&amp;fileID=45C6C301-F6C9-41E3-82F43C3BC1A2A9E8,https://www.scientificamerican.com/index.cfm/_api/render/file/?method=attachment&amp;fileID=473D873B-87AA-4423-9426D9F69D9A2874,,Addiction_9781466842557_NEWCOVER.epub,Addiction_9781466842557_NEWCOVER.mobi
Can We Feed the World? The Future of Food,8/19/13,"With global population numbers projected to increase by 2 billion by 2050, a veritable food crisis is on the horizon. In this eBook we examine some of the complex factors involved in the coming “food crisis” and the innovative ideas and technologies designed to increase food production sustainably. We also examine current industry methods to increase production and the controversies surrounding them, including not only hot-button issues like genetically modified (or GM) and processed foods, but also food safety and the physical effects of the modern diet.
 ",,https://www.scientificamerican.com/index.cfm/_api/render/file/?method=attachment&amp;fileID=7C409B1B-AAC4-476E-A6F934BDC487ED64,https://www.scientificamerican.com/index.cfm/_api/render/file/?method=attachment&amp;fileID=D7ACEA16-C826-4AFD-85DF62DE87D0C2F1,,FutureOfFood_9781466842540_NEWCOVER.epub,FutureOfFood_9781466842540_NEWCOVER.mobi
Fact or Fiction: Science Tackles 58 Popular Myths,7/29/13,"Did NASA really spend millions creating a pen that would write in space? Is chocolate poisonous to dogs? Does stress cause gray hair? These questions are a sample of the urban lore investigated in this eBook, Fact or Fiction: Science Tackles 58 Popular Myths. Drawing from Scientific American’s “Fact or Fiction” and “Strange But True” columns, we’ve selected 58 of the most surprising, fascinating, useful and just plain wacky topics confronted by our writers over the years.",,https://www.scientificamerican.com/index.cfm/_api/render/file/?method=attachment&amp;fileID=9AE51BFA-CC12-4994-A4E8EA1D6136BB49,https://www.scientificamerican.com/index.cfm/_api/render/file/?method=attachment&amp;fileID=4D705571-C5BE-4276-8A58ACBB5AB77830,,FactOrFiction_9781466842526_NEWCOVER.epub,FactOrFiction_9781466842526_NEWCOVER.mobi
Seeking the Multiverse,5/20/13,"Instead of ""what if the South won the Civil War?"" cosmologists ask, ""what if the constants that make up the fundamental building blocks of physics were different?"" Physicists argue that any slight change to the laws of physics would mean a disruption in the evolution of the universe, and thus our existence. With the many factors that had to align for us to exist, it can seem like the laws of physics might seem finely tuned to make our existence possible. Instead of a supernatural or divine explanation, this eBook explores the possibility is that our universe isn’t the only one.",,https://www.scientificamerican.com/index.cfm/_api/render/file/?method=attachment&amp;fileID=8894892A-A75B-4C39-A981F59B8D91FE8D,https://www.scientificamerican.com/index.cfm/_api/render/file/?method=attachment&amp;fileID=9F7C35C0-9423-4D32-948F788A12613B9D,,Multiverse_9781466842519_NEWCOVER.epub,Multiverse_9781466842519_NEWCOVER.mobi
"Eat, Move, Think: Living Healthy",5/13/13,"While many of us strive to live healthy lives, the task can be daunting and the information overwhelming. Should we be more concerned with our diet or with keeping our weight down? How important is exercise? What kinds of diseases should we really be worried about getting—or preventing? In this eBook, Eat, Move, Think: Living Healthy, we’ve assembled a number of stories on what we think sums up a healthy lifestyle, as well as some of the common obstacles faced in trying to achieve it.
 ",,https://www.scientificamerican.com/index.cfm/_api/render/file/?method=attachment&amp;fileID=2DB68499-661E-46CE-B18811927554C8F1,https://www.scientificamerican.com/index.cfm/_api/render/file/?method=attachment&amp;fileID=633F632F-27B1-46CC-B350390F376004D8,,LivingHealthy_9781466833890_NEWCOVER.epub,LivingHealthy_9781466833890_NEWCOVER.mobi
Remember When? The Science of Memory,4/22/13,"Why can you vividly recall the day your father took you to your first baseball game many years ago, but you can’t remember where you just put the car keys? The process of how - and what - we remember is a fascinating window onto who we are and what makes us tick. In this eBook, we explore what science can and can’t tell us about memory.",,https://www.scientificamerican.com/index.cfm/_api/render/file/?method=attachment&amp;fileID=132A6A8E-B09C-4EBA-A71823F15E11B2A9,https://www.scientificamerican.com/index.cfm/_api/render/file/?method=attachment&amp;fileID=F31B1ED5-5CA6-476B-9526A8E9A7DBDE81,,Memory_9781466833883_NEWCOVER.epub,Memory_9781466833883_NEWCOVER.mobi
"The Future of Energy: Earth, Wind and Fire",4/8/13,"Since the Industrial Revolution our civilization has depended on fossil fuels for energy – first it was coal; then petroleum. If business as usual continues, we are looking at a world where sea levels will be high enough to submerge many coastal cities and extreme weather events like 2012’s Hurricane Sandy are the new normal. In this eBook, The Earth, Wind and Fire, we review the energy problem and analyze the options from the mundane to the far out.",,https://www.scientificamerican.com/index.cfm/_api/render/file/?method=attachment&amp;fileID=5BEB8B78-2804-4409-86F33F78BD81BBA3,https://www.scientificamerican.com/index.cfm/_api/render/file/?method=attachment&amp;fileID=930367AB-BCB3-4770-B2D5210801942635,,FutureOfEnergy_9781466833869_NEWCOVER.epub,FutureOfEnergy_9781466833869_NEWCOVER.mobi
Forever Young: The Science of Aging,3/25/13,"An infant born in the US today will probably live more than 20 years longer than the average lifespan a century ago. While living well into the 80s and 90s is becoming more and more attainable, how many more years can humanity expect to gain? And how can we raise the quality of those later years? The two main barriers are accumulated damage to cells and organs that occurs over time and age-related illnesses like cancer and Alzheimer’s disease. Researchers are divided over where to pour their efforts, and in this eBook, The Science of Aging we take a look at what science knows—and what it’s striving to learn—about the aging process.",,https://www.scientificamerican.com/index.cfm/_api/render/file/?method=attachment&amp;fileID=D3CCFD50-CBEE-44A0-8370BBD985F30F05,https://www.scientificamerican.com/index.cfm/_api/render/file/?method=attachment&amp;fileID=72A342E8-56CF-40E1-B7938AF46D435778,,Aging_9781466833876_NEWCOVER.epub,Aging_9781466833876_NEWCOVER.mobi
Understanding Autism: The Search for Answers,3/18/13,"Autism is one of three diagnoses that the DSM-5 includes in autism spectrum disorder (ASD). While our understanding of this condition has grown exponentially, research has been fraught with controversy. Autism appears to be on the rise, depending on how you define it, and its causes more complex than imagined. In this eBook, Understanding Autism, Scientific American’s editors have gathered the most current information on autism, including how it’s diagnosed, risk factors, treatments and therapies.",,https://www.scientificamerican.com/index.cfm/_api/render/file/?method=attachment&amp;fileID=A9B25990-0F39-4232-8F9D690777AB45FD,https://www.scientificamerican.com/index.cfm/_api/render/file/?method=attachment&amp;fileID=4C2A364A-6D7C-4D47-87AA41AD0B64F3D3,,Autism_9781466833852_NEWCOVER.epub,Autism_9781466833852_NEWCOVER.mobi
Cyber Hacking: Wars in Virtual Space,2/25/13,"Cyberspace has certainly transformed the world. From media and communications to banking, we are living digital lifestyles. While this transformation has opened up exciting new frontiers, it also opens the door to security threats undreamed of in previous generations, and in this eBook, we peer behind the cyber curtain.",,https://www.scientificamerican.com/index.cfm/_api/render/file/?method=attachment&amp;fileID=AFF9C11A-A5EA-4CA2-8A7F569175C9CA6C,https://www.scientificamerican.com/index.cfm/_api/render/file/?method=attachment&amp;fileID=93153973-BD0A-46ED-86405F3D8D7336E7,,CyberHacking_9781466833821_NEWCOVER.epub,CyberHacking_9781466833821_NEWCOVER.mobi
"Disarming Cupid: Love, Sex and Science",2/11/13,"Since the musicians can't seem to decide whether ""Love Will Keep Us Together,"" ""Love Will Tear Us Apart"" or ""Love Is a Battlefield,"" maybe it's time to turn elsewhere. Scientists are just as fascinated by affairs of the heart, though they seldom sing about it. In this eBook, Love, Sex and Science, our editors take a step back, analyzing romance using tools like fMRI studies instead of a paint brush or guitar.",,https://www.scientificamerican.com/index.cfm/_api/render/file/?method=attachment&amp;fileID=0C68355D-4D2D-4F6F-84CF0E85A243252A,https://www.scientificamerican.com/index.cfm/_api/render/file/?method=attachment&amp;fileID=7D5C8C34-C8D9-40B4-BDD6B0F7E03409A9,,LoveSexScience_9781466833845_NEWCOVER.epub,LoveSexScience_9781466833845_NEWCOVER.mobi
Beyond Human: A.I. and Genius Machines,1/28/13,"In science fiction, artificial intelligence takes the shape of computers that can speak like people, think for themselves, and sometimes act against us. Reality of course is vastly different, though in many ways computers surpass their fictional counterparts. This eBook reviews work in the field and covers topics from chess-playing to quantum computing. The writers tackle how to make computers more powerful, how we define consciousness, what the hard problems are and even how computers might be built once the limits of silicon chips have been reached.",,https://www.scientificamerican.com/index.cfm/_api/render/file/?method=attachment&amp;fileID=6EEA9495-62F9-46D4-8B32DC39F172EB8B,https://www.scientificamerican.com/index.cfm/_api/render/file/?method=attachment&amp;fileID=3124E32E-83AD-468A-8CFAC29A93757592,,AI_9781466833814_NEWCOVER.epub,AI_9781466833814_NEWCOVER.mobi
The Influenza Threat: Pandemic in the Making,1/28/13,"The onset of cold weather brings out the boots, coats, gloves – and the stoplight-red “Flu Shots Available Here” signs in drugstore windows. For many scientists and public health specialists alike, flu season has become a little like Russian Roulette. The likelihood of a deadly pandemic outbreak of influenza is not far from reality considering the nature of some of the different viral strains. In this eBook, we delve into the science of the flu, starting with past pandemics and what we can learn from them.",,https://www.scientificamerican.com/index.cfm/_api/render/file/?method=attachment&amp;fileID=92D43E89-5D32-4005-937E694B01EC64F9,https://www.scientificamerican.com/index.cfm/_api/render/file/?method=attachment&amp;fileID=B316BFCA-519A-45E9-BE0A45CFCB54EE20,,Influenza_9781466833838_NEWCOVER.epub,Influenza_9781466833838_NEWCOVER.mobi
Lights Out: How It All Ends,12/17/12,"The Book of Revelation, the Maya, Nostradamus – humans have speculated about the end since, well, the beginning. In this eBook we look at several ""end of the world"" scenarios – or at least, things that could make human life really difficult.",,https://www.scientificamerican.com/index.cfm/_api/render/file/?method=attachment&amp;fileID=CC218FBE-9C12-44F5-8C6364633ADB32C7,https://www.scientificamerican.com/index.cfm/_api/render/file/?method=attachment&amp;fileID=3AEBDEC6-A96D-42D2-8B7D8E59652328E4,,TheEnd_9781466824195_NEWCOVER.epub,TheEnd_9781466824195_NEWCOVER.mobi
Storm Warnings: Climate Change and Extreme Weather,11/12/12,"If catastrophes like Hurricane Sandy seem to be on the rise, it’s for apparent reason. The likelihood of these extreme weather events are increasingly being tied to manmade global warming, mostly through overproduction of carbon dioxide. It’s no longer an abstract idea; it’s being felt locally, on every level. This eBook gives you the tools to better understand what’s behind climate change, what might be in store during the coming decades and how we can begin to reverse the detrimental effects mankind has had on the atmosphere.",,https://www.scientificamerican.com/index.cfm/_api/render/file/?method=attachment&amp;fileID=B60E275C-B65A-4780-970CE6217806979B,https://www.scientificamerican.com/index.cfm/_api/render/file/?method=attachment&amp;fileID=0096C217-2212-4AD4-8C7EDF18CC9B5599,,ClimateChange_9781466824171_NEWCOVER.epub,ClimateChange_9781466824171_NEWCOVER.mobi
Battling Drought: The Science of Water Management,10/22/12,"The extreme drought in the US Southwest has brought the issues of water use into the media spotlight. The one-two punch of climate change and political turf battles that have plagued the area since the Wild West have upped the ante for rethinking our policies. This eBook, Battling Drought, takes a long look at this situation from the early engineering projects, such as building the Hoover and Grand Coulee dams, which were designed to tame the rivers, to the recycling and restoration efforts of today.",,https://www.scientificamerican.com/index.cfm/_api/render/file/?method=attachment&amp;fileID=EB6102D6-D6B3-4E57-BAE2EE041B9EC519,https://www.scientificamerican.com/index.cfm/_api/render/file/?method=attachment&amp;fileID=F4D1E14F-5A52-4616-BDA6DFA572EA5D4D,,Drought_9781466824164_NEWCOVER.epub,Drought_9781466824164_NEWCOVER.mobi
Playing Politics: The Science of Elections,10/15/12,"Politics makes strange bedfellows, and that becomes even more apparent when trying to analyze the science of politics. Pulling from an array of disciplines, including social science, behavioral science and mathematics, this eBook analyzes key factors in the process of electing a leader.",,https://www.scientificamerican.com/index.cfm/_api/render/file/?method=attachment&amp;fileID=56EC2CDD-1495-4573-B74BDE838F3DF358,https://www.scientificamerican.com/index.cfm/_api/render/file/?method=attachment&amp;fileID=4768B827-0A12-40F1-926A42C95B0E5623,,Elections_9781466824157_NEWCOVER.epub,Elections_9781466824157_NEWCOVER.mobi
Exploring Mars: Secrets of the Red Planet,8/29/12,"Our nearest planetary neighbor has been the subject of endless fascination and wide-ranging theories throughout history. Is there life on Mars? Was there ever life on Mars? What was the atmosphere like thousands or millions of years ago? From Percival Lowell, who built his own observatory so he could dedicate himself to studying the red planet, to NASA landing the car-sized Opportunity rover in 2012, this eBook traces Scientific American's coverage of the observation and exploration of Mars.",,https://www.scientificamerican.com/index.cfm/_api/render/file/?method=attachment&amp;fileID=3739B7C0-61C0-4375-BA3D6F79E548B213,https://www.scientificamerican.com/index.cfm/_api/render/file/?method=attachment&amp;fileID=9ED53A47-746F-4B20-A927607CCC0942F2,,Mars_9781466824126_NEWCOVER.epub,Mars_9781466824126_NEWCOVER.mobi
HIV and AIDS: A Global Health Pandemic,8/17/12,"On June 5, 1981, the scientific community received a wake-up call from the CDC in the form of a terrible new illness that the world would soon know as AIDS. Three decades later, remarkable progress has been made but much more remains to be understood and to be done. In this eBook, we explore where the disease came from, how it works, how it spreads, the search for a vaccine, and cultural and sociological factors.",,https://www.scientificamerican.com/index.cfm/_api/render/file/?method=attachment&amp;fileID=425B2792-2EF9-4E16-B865155859E76A38,https://www.scientificamerican.com/index.cfm/_api/render/file/?method=attachment&amp;fileID=C26BD99D-17AC-499F-A7F20747AFA4948B,,HIVandAIDS_9781466824119_NEWCOVER.epub,HIVandAIDS_9781466824119_NEWCOVER.mobi
The Science of Sports: Winning in the Olympics,7/13/12,"The Olympics are the world’s most prestigious stage for athletic competition. Fans both casual and hardcore tune in religiously every few years to watch as men and women push themselves to the limits of human performance. But what makes a champion? Is it genetics? Hours of training? In this book, we explore this topic from various angles.",,https://www.scientificamerican.com/index.cfm/_api/render/file/?method=attachment&amp;fileID=A1D433B2-AF02-439F-842B747F4FB46014,https://www.scientificamerican.com/index.cfm/_api/render/file/?method=attachment&amp;fileID=2EFE4083-CB42-4715-8AC6DDDC5CB19EB8,,Olympics_9781466824102_NEWCOVER.epub,Olympics_9781466824102_NEWCOVER.mobi
Nature at War: A special collection of articles originally published between 1914 and 1918,,"Science and technology played a key role in World War One. A century later, a selection of articles from our archive reveals how Nature reported and analyzed these developments at the time. From early analysis of chemical weapons to countering the threat of Zeppelin raids, this anniversary package offers unique insight to research during conflict. Purchase and download this exclusive PDF for only $1.99.",https://www.scientificamerican.com/index.cfm/_api/render/file/?method=inline&amp;fileID=88BC9A80-CF18-444E-AD83C29217D22AF5,,,nature-ww1.pdf,,
Nature Collections: Synthetic Biology,,"Synthetic biology aims to apply engineering principles to the design and construction of complex biological systems. This Nature Collection, featuring articles from Nature, Nature Reviews Microbiology and Nature Methods, charts the progress and potential of this multidisciplinary field and how best to deal with some of the main challenges ahead.  This unique supplement can be purchased and downloaded as a PDF to save and enjoy.",https://www.scientificamerican.com/index.cfm/_api/render/file/?method=inline&amp;fileID=4C9B67A5-9AF5-4857-BD1946E4EC187196,,,SynthBiolCollection.pdf,,
"Mathematical Wonderlands: Lewis Carroll, the Alice books and beyond",,"As Alice’s Adventures in Wonderland approaches its 150th anniversary, Nature marks the moment with a scintillating collection of works by and about Lewis Carroll from its own archives, Macmillan and Scientific American. This celebration of Carroll as mathematical gamester and logic puzzler features delights such as selections from his 1885 volume of humorous maths problems, A Tangled Tale, and essays by the likes of mathematicians Martin Gardner, Francine Abeles and Warren Weaver, and literary scholar Gillian Beer.",https://www.scientificamerican.com/index.cfm/_api/render/file/?method=inline&amp;fileID=9821AB73-9E3E-4E0F-B72F297A00A27F18,,,nature-mathematical-wonderlands FINAL.pdf,,
Nature Books & Arts Special 2015 No. 2,,"Plunge into a profusion of brilliant summer reads suggested by regular reviewers and editors, far away from the lab and lecture hall.",https://www.scientificamerican.com/index.cfm/_api/render/file/?method=inline&amp;fileID=42F22CA5-F48C-4673-80F598720024712D,,,nature_Books_and_Arts_Special_2015_2.pdf,,
Nature Research Briefings: Cancer,,Nature Research Briefings: Cancer is a collection of recently published Research Highlights selected from across the Nature Publishing Group journals. Each edition highlights some of the latest and most exciting developments in this key area of interest.,https://www.scientificamerican.com/index.cfm/_api/render/file/?method=inline&amp;fileID=989A7F13-B259-4D0E-AF95F4A36C9C86A4,,,Nature-Research-Briefing-Cancer.pdf,,
Nature Collections: Visual Strategies for Biological Data,,"This e-book collects the Points of View columns published in Nature Methods through February 2015, providing practical advice on effective strategies for visualizing biological data to researchers in the biological sciences. ",https://www.scientificamerican.com/index.cfm/_api/render/file/?method=inline&amp;fileID=E48A18CA-560A-40EF-9C2B049E1F4FA267,,,NatCollection_PoV_Final.pdf,,
Nature Collections: Climate Change Countdown,,"The countdown is on to reach a climate change agreement. The articles in this PDF collection, published in Nature Geoscience and Nature Climate Change, take stock of CO2 emissions and discuss how to share carbon budgets equitably.",https://www.scientificamerican.com/index.cfm/_api/render/file/?method=inline&amp;fileID=22CD1A02-80EA-455B-BC89D2012581A2FC,,,ClimateChangeCountdown.pdf,,
Nature: Spring Books 2014,,"Nature’s picks of the season. This collection of in-depth book reviews covers topics ranging from ecology to education, energy to medicine. A glimpse at what’s new in paperback rounds up this essential guide to the fresh science reads. Nature’s Spring Books 2014 special can be purchased and downloaded to save and enjoy.",https://www.scientificamerican.com/index.cfm/_api/render/file/?method=inline&amp;fileID=A5EFA83D-A92C-482A-B2D6AEFBA46765AF,,,Nature_Spring_Books_2014.pdf,,
Nature: Summer Books 2014,,"Choose your next adventure. Nature’s regular book reviewers share their summer reading selections in this PDF collection. Use this collection of book reviews to guide your next reading adventure, or simply while away some time in the sun.
Nature’s Summer Books 2014 special can be purchased and downloaded to save and enjoy.",https://www.scientificamerican.com/index.cfm/_api/render/file/?method=inline&amp;fileID=38E4890C-A959-4249-B7EEF4D6CCEBE5A3,,,Nature-Summer-Books-2014.pdf,,
Nature Collections: Chemistry,,"The Nature journals are the home of eye-opening chemistry. This collection presents our pick of the chemical sciences from 2014. A News Feature tells you all you need to know about the reinvention of rechargeable batteries. There’s expert opinion about papers in three exciting areas: electrochemistry for fuel production; flexible metal–organic frameworks for molecular separations; and synthetic organic chemistry. And a brace of papers includes top research from the fields of carbon nanotechnology and chemical biology. If you want to know what’s hot in chemistry, this is the place to look!",https://www.scientificamerican.com/index.cfm/_api/render/file/?method=inline&amp;fileID=7454F349-5C8B-4987-97BAC4E78DA1F134,,,Nature-Chemistry-Collection-2014.pdf,,
Nature Collections: General Relativity at 100,,"In November 1915, Albert Einstein completed his general theory of relativity, which linked gravity to the curvature of space-time. Throughout the following 100 years, experiments confirmed the theory to ever-higher precision, and theorists unravelled implications that even Einstein had not dreamed of, from the Big Bang to black holes. From Einstein’s own account of the genesis of general relativity to Stephen Hawking’s paper on black hole radiation, this anniversary package collects research papers, commentary and review articles that marked the milestones of the theory in the pages of Nature.",https://www.scientificamerican.com/index.cfm/_api/render/file/?method=inline&amp;fileID=055B1891-BAAC-47BB-82981F478CA1D52C,,,Einstein_ebook.pdf,,
Nature Collections: 150 Years of Mendel,,"Drawn from Nature’s archive, this collection of articles celebrates the 150th anniversary of the publication of Gregor Mendel’s work on heredity. Beginning with the replication of Mendel’s findings in 1900 and ending with the cracking of the genetic code in the 1960s, the package offers a unique insight into the science and the scientists that make up the history of Mendelian genetics.",https://www.scientificamerican.com/index.cfm/_api/render/file/?method=inline&amp;fileID=0355D72C-E4AE-4CCB-AB8F2F46EBEFD6BF,,,150 years of Mendel.pdf,,
Nature Research Briefings: Graphene,,Nature Research Briefings: Graphene is a collection of recently published Research Highlights and News and Views selected from across the Nature Publishing Group journals. Each edition highlights some of the latest and most exciting developments in this key area of interest.,https://www.scientificamerican.com/index.cfm/_api/render/file/?method=inline&amp;fileID=3C351CA3-1C3D-42C5-9097B5D04922A349,,,Nature-Research-Briefings-Graphene.pdf,,
Nature Tasting Menu,,"Nature Tasting Menu features a collection of recent news, features, editorial commentaries, and science fiction from the past year.",https://www.scientificamerican.com/index.cfm/_api/render/file/?method=inline&amp;fileID=D67084FA-E89F-456D-8EC9E3DEC647C4E2,,,Nature Tasting Menu 2016-1.pdf,,
Nature Books and Arts Special: 2014. No 1,,"A collection of book reviews for the scientifically adept and the perennially curious. Nature’s latest Books and Arts Special has winnowed the tsunami of science offerings to this short wave of essential reads, assessed by some of the most authoritative voices in science today. Available for FREE in PDF format to download and save – dip in today.",https://www.scientificamerican.com/index.cfm/_api/render/file/?method=inline&amp;fileID=51FF9BF0-9122-4E3B-96F7C36C4E38B429,,,nature-books-and-arts-special-2014-1.pdf,,
Books & Arts Special 2015 No.1,,"In Nature’s first book reviews supplement for 2015, leading experts review the season’s top reads. Picks cover a wide range of themes and topics, including the economic logic for urgent climate action, the reframing of general relativity, the discovery of the polio vaccine, a life leading the battle against AIDS, the mixed metaphors of junk DNA and the energetic leap that jump-started multicellular life.",https://www.scientificamerican.com/index.cfm/_api/render/file/?method=inline&amp;fileID=A81F3926-ADFE-49BC-B2CB9D36D8723B90,,,nature-books-and-arts-special-2015-1.pdf,,
Nature Collections: Stem Cells – Breaking Barriers,,"The most versatile of stem cells can be made from an embryo or by reprogramming mature cells. The much-awaited breakthrough of making stem cells from cloned human embryos has re-opened debate on distinctions between cell types. A selection of general articles from Nature highlight the practical, political and ethical considerations of using these cells in research and potential therapies.",https://www.scientificamerican.com/index.cfm/_api/render/file/?method=inline&amp;fileID=1D2CEE45-2283-410F-8D5F4C4A24002AA6,,,StemCells-BB.pdf,,
Nature Collections: Homo Floresiensis – the ‘hobbit’ 10 years on,,"The remains of the tiny hominin Homo floresiensis (nicknamed the ‘hobbit’) still raise supersize questions ten years after the publication in Nature of their discovery in a cave on the remote island of Flores in Indonesia. This collection of reporting, comment and research -- new and from Nature’s archives -- examines the controversy surrounding the origins of this species, including whether it belongs in our genus, Homo.",https://www.scientificamerican.com/index.cfm/_api/render/file/?method=inline&amp;fileID=578E67FF-E70B-4DA0-A5DB68A636E36AA3,,,nature-homo-floresiensis.pdf,,
Nature Collections: Year of Light,,"The United Nations has designated 2015 the International Year of Light and Light-based Technologies. It marks anniversaries including one of the first scientific accounts of optics published by the Islamic scholar Ibn al-Haytham in 1015; August Fresnel’s proposal in 1815 that light is a wave; James Clerk Maxwell’s 1865 electromagnetic theory of light; Albert Einstein’s 1915 theory of General Relativity; and in 1965 the discovery of the cosmic microwave background radiation and the development of optical fibres for communication.
This collection of news and comment articles explores how scientists are today pushing the properties of light to new extremes. It also includes 13 classic research papers that established the nature of light over the past century, from the discovery of X-rays to rapid laser pulses.",https://www.scientificamerican.com/index.cfm/_api/render/file/?method=inline&amp;fileID=B605F2CE-0558-4EA7-8E902C08FC582E1F,,,Nature_year_of_light_collection.pdf,,
